<Ui xmlns:xsi="http://www.w3.org/2001/XMLSchema-instance" xmlns:xsd="http://www.w3.org/2001/XMLSchema" xmlns="http://www.blizzard.com/wow/ui/">
				  <Script file="libs\LibStub\LibStub.lua"/>
    <Script file="libs\AceSerializer-3.0\AceSerializer-3.0.lua"/>
    <Script file="libs\AceConsole-3.0\AceConsole-3.0.lua"/>
    <Script file="libs\AceDB-3.0\AceDB-3.0.lua"/>
    <Script file="libs\AceDB-3.0\AceDB-3.0.lua"/>

    <Include file="libs\AceAddon-3.0\AceAddon-3.0.xml"/>
    <Include file="libs\AceGUI-3.0\AceGUI-3.0.xml"/>
    <Include file="libs\LibDBIcon-1.0\embeds.xml"/>
    <Script file="libs\LibDBIcon-1.0\LibDBIcon-1.0\LibDBIcon-1.0.lua"/>
    <Script file="libs\AceLocale-3.0\AceLocale-3.0.lua"/>
	<Script file="JaseGambling.lua" />
	
	<Frame name="JaseGambling_Frame" parent="UIParent" toplevel="true" movable="true" enableMouse="true">
		

		<Scripts>
			<OnLoad>
				JaseGambling_OnLoad(self);
			</OnLoad>
			<OnEvent>
				JaseGambling_OnEvent(self, event, ...);
			</OnEvent>
			<OnDragStart>
				self:StartMoving();
				self.isMoving = true;
			</OnDragStart>
			<OnDragStop>
				self:StopMovingOrSizing();
				self.isMoving = false;
			</OnDragStop>
		</Scripts>
	</Frame>
	


</Ui>
